filename,chirality,num_units,diameter_A,radius_A,pore_radius_A,length_A,box_x_A,box_y_A,box_z_A,volume_A3,geometric_max_Xe,n_C,n_Xe,n_total,Xe_linear_density_per_A,placement_mode,status
cnt_10_0_u23_Xe4.xyz,"(10,0)",23,7.8289,3.9144,2.2144,97.98,24.8289,24.8289,97.98,4716.5616,22,920,4,924,0.040825,single-file,ok
cnt_10_0_u23_Xe18.xyz,"(10,0)",23,7.8289,3.9144,2.2144,97.98,24.8289,24.8289,97.98,4716.5616,22,920,18,938,0.183711,single-file,ok
cnt_14_0_u23_Xe4.xyz,"(14,0)",23,10.9604,5.4802,3.7802,97.98,27.9604,27.9604,97.98,9244.4608,22,1288,4,1292,0.040825,random-disk,ok
cnt_14_0_u23_Xe18.xyz,"(14,0)",23,10.9604,5.4802,3.7802,97.98,27.9604,27.9604,97.98,9244.4608,22,1288,18,1306,0.183711,random-disk,ok
cnt_18_0_u23_Xe9.xyz,"(18,0)",23,14.092,7.046,5.346,97.98,31.092,31.092,97.98,15281.6597,44,1656,9,1665,0.091855,random-disk,ok
cnt_18_0_u23_Xe35.xyz,"(18,0)",23,14.092,7.046,5.346,97.98,31.092,31.092,97.98,15281.6597,44,1656,35,1691,0.357216,random-disk,ok
cnt_22_0_u23_Xe13.xyz,"(22,0)",23,17.2235,8.6118,6.9118,97.98,34.2235,34.2235,97.98,22828.1583,66,2024,13,2037,0.13268,random-disk,ok
cnt_22_0_u23_Xe53.xyz,"(22,0)",23,17.2235,8.6118,6.9118,97.98,34.2235,34.2235,97.98,22828.1583,66,2024,53,2077,0.540927,random-disk,ok
cnt_26_0_u23_Xe13.xyz,"(26,0)",23,20.3551,10.1775,8.4775,97.98,37.3551,37.3551,97.98,31883.9567,66,2392,13,2405,0.13268,random-disk,ok
cnt_26_0_u23_Xe53.xyz,"(26,0)",23,20.3551,10.1775,8.4775,97.98,37.3551,37.3551,97.98,31883.9567,66,2392,53,2445,0.540927,random-disk,ok
cnt_30_0_u23_Xe13.xyz,"(30,0)",23,23.4866,11.7433,10.0433,97.98,40.4866,40.4866,97.98,42449.0548,66,2760,13,2773,0.13268,random-disk,ok
cnt_30_0_u23_Xe53.xyz,"(30,0)",23,23.4866,11.7433,10.0433,97.98,40.4866,40.4866,97.98,42449.0548,66,2760,53,2813,0.540927,random-disk,ok
cnt_7_6_u2_Xe4.xyz,"(7,6)",2,8.8227,4.4113,2.7113,96.0155,25.8227,25.8227,96.0155,5869.9345,22,1016,4,1020,0.04166,single-file,ok
cnt_7_6_u2_Xe18.xyz,"(7,6)",2,8.8227,4.4113,2.7113,96.0155,25.8227,25.8227,96.0155,5869.9345,22,1016,18,1034,0.18747,single-file,ok
cnt_9_8_u2_Xe6.xyz,"(9,8)",2,11.5326,5.7663,4.0663,125.5074,28.5326,28.5326,125.5074,13110.4402,29,1736,6,1742,0.047806,random-disk,ok
cnt_9_8_u2_Xe23.xyz,"(9,8)",2,11.5326,5.7663,4.0663,125.5074,28.5326,28.5326,125.5074,13110.4402,29,1736,23,1759,0.183256,random-disk,ok
cnt_11_10_u1_Xe7.xyz,"(11,10)",1,14.2434,7.1217,5.4217,77.5039,31.2434,31.2434,77.5039,12349.224,34,1324,7,1331,0.090318,random-disk,ok
cnt_11_10_u1_Xe27.xyz,"(11,10)",1,14.2434,7.1217,5.4217,77.5039,31.2434,31.2434,77.5039,12349.224,34,1324,27,1351,0.34837,random-disk,ok
cnt_13_12_u1_Xe13.xyz,"(13,12)",1,16.9545,8.4773,6.7773,92.2563,33.9545,33.9545,92.2563,20828.4495,63,1876,13,1889,0.140912,random-disk,ok
cnt_13_12_u1_Xe50.xyz,"(13,12)",1,16.9545,8.4773,6.7773,92.2563,33.9545,33.9545,92.2563,20828.4495,63,1876,50,1926,0.541968,random-disk,ok
cnt_15_14_u1_Xe14.xyz,"(15,14)",1,19.6659,9.8329,8.1329,107.01,36.6659,36.6659,107.01,32504.3673,72,2524,14,2538,0.130829,random-disk,ok
cnt_15_14_u1_Xe58.xyz,"(15,14)",1,19.6659,9.8329,8.1329,107.01,36.6659,36.6659,107.01,32504.3673,72,2524,58,2582,0.542006,random-disk,ok
cnt_17_16_u1_Xe17.xyz,"(17,16)",1,22.3774,11.1887,9.4887,121.7645,39.3774,39.3774,121.7645,47888.4481,84,3268,17,3285,0.139614,random-disk,ok
cnt_17_16_u1_Xe67.xyz,"(17,16)",1,22.3774,11.1887,9.4887,121.7645,39.3774,39.3774,121.7645,47888.4481,84,3268,67,3335,0.550243,random-disk,ok
cnt_10_0_u23_Xe4.xyz,"(10,0)",23,7.8289,3.9144,2.2144,97.98,24.8289,24.8289,97.98,4716.5616,22,920,4,924,0.040825,single-file,ok
cnt_10_0_u23_Xe7.xyz,"(10,0)",23,7.8289,3.9144,2.2144,97.98,24.8289,24.8289,97.98,4716.5616,22,920,7,927,0.071443,single-file,ok
cnt_10_0_u23_Xe10.xyz,"(10,0)",23,7.8289,3.9144,2.2144,97.98,24.8289,24.8289,97.98,4716.5616,22,920,10,930,0.102062,single-file,ok
cnt_10_0_u23_Xe12.xyz,"(10,0)",23,7.8289,3.9144,2.2144,97.98,24.8289,24.8289,97.98,4716.5616,22,920,12,932,0.122474,single-file,ok
cnt_10_0_u23_Xe15.xyz,"(10,0)",23,7.8289,3.9144,2.2144,97.98,24.8289,24.8289,97.98,4716.5616,22,920,15,935,0.153092,single-file,ok
cnt_10_0_u23_Xe18.xyz,"(10,0)",23,7.8289,3.9144,2.2144,97.98,24.8289,24.8289,97.98,4716.5616,22,920,18,938,0.183711,single-file,ok
cnt_30_0_u23_Xe13.xyz,"(30,0)",23,23.4866,11.7433,10.0433,97.98,40.4866,40.4866,97.98,42449.0548,66,2760,13,2773,0.13268,random-disk,ok
cnt_30_0_u23_Xe21.xyz,"(30,0)",23,23.4866,11.7433,10.0433,97.98,40.4866,40.4866,97.98,42449.0548,66,2760,21,2781,0.214329,random-disk,ok
cnt_30_0_u23_Xe29.xyz,"(30,0)",23,23.4866,11.7433,10.0433,97.98,40.4866,40.4866,97.98,42449.0548,66,2760,29,2789,0.295979,random-disk,ok
cnt_30_0_u23_Xe37.xyz,"(30,0)",23,23.4866,11.7433,10.0433,97.98,40.4866,40.4866,97.98,42449.0548,66,2760,37,2797,0.377628,random-disk,ok
cnt_30_0_u23_Xe45.xyz,"(30,0)",23,23.4866,11.7433,10.0433,97.98,40.4866,40.4866,97.98,42449.0548,66,2760,45,2805,0.459277,random-disk,ok
cnt_30_0_u23_Xe53.xyz,"(30,0)",23,23.4866,11.7433,10.0433,97.98,40.4866,40.4866,97.98,42449.0548,66,2760,53,2813,0.540927,random-disk,ok
cnt_7_6_u2_Xe4.xyz,"(7,6)",2,8.8227,4.4113,2.7113,96.0155,25.8227,25.8227,96.0155,5869.9345,22,1016,4,1020,0.04166,single-file,ok
cnt_7_6_u2_Xe7.xyz,"(7,6)",2,8.8227,4.4113,2.7113,96.0155,25.8227,25.8227,96.0155,5869.9345,22,1016,7,1023,0.072905,single-file,ok
cnt_7_6_u2_Xe10.xyz,"(7,6)",2,8.8227,4.4113,2.7113,96.0155,25.8227,25.8227,96.0155,5869.9345,22,1016,10,1026,0.10415,single-file,ok
cnt_7_6_u2_Xe12.xyz,"(7,6)",2,8.8227,4.4113,2.7113,96.0155,25.8227,25.8227,96.0155,5869.9345,22,1016,12,1028,0.12498,single-file,ok
cnt_7_6_u2_Xe15.xyz,"(7,6)",2,8.8227,4.4113,2.7113,96.0155,25.8227,25.8227,96.0155,5869.9345,22,1016,15,1031,0.156225,single-file,ok
cnt_7_6_u2_Xe18.xyz,"(7,6)",2,8.8227,4.4113,2.7113,96.0155,25.8227,25.8227,96.0155,5869.9345,22,1016,18,1034,0.18747,single-file,ok
cnt_17_16_u1_Xe17.xyz,"(17,16)",1,22.3774,11.1887,9.4887,121.7645,39.3774,39.3774,121.7645,47888.4481,84,3268,17,3285,0.139614,random-disk,ok
cnt_17_16_u1_Xe27.xyz,"(17,16)",1,22.3774,11.1887,9.4887,121.7645,39.3774,39.3774,121.7645,47888.4481,84,3268,27,3295,0.22174,random-disk,ok
cnt_17_16_u1_Xe37.xyz,"(17,16)",1,22.3774,11.1887,9.4887,121.7645,39.3774,39.3774,121.7645,47888.4481,84,3268,37,3305,0.303865,random-disk,ok
cnt_17_16_u1_Xe47.xyz,"(17,16)",1,22.3774,11.1887,9.4887,121.7645,39.3774,39.3774,121.7645,47888.4481,84,3268,47,3315,0.385991,random-disk,ok
cnt_17_16_u1_Xe57.xyz,"(17,16)",1,22.3774,11.1887,9.4887,121.7645,39.3774,39.3774,121.7645,47888.4481,84,3268,57,3325,0.468117,random-disk,ok
cnt_17_16_u1_Xe67.xyz,"(17,16)",1,22.3774,11.1887,9.4887,121.7645,39.3774,39.3774,121.7645,47888.4481,84,3268,67,3335,0.550243,random-disk,ok
